{"global_step": 4096, "_timestamp": 1699451492.6086268, "rollout/ep_len_mean": 280.0, "rollout/ep_rew_mean": 0.0, "time/fps": 308.0, "_runtime": 14.843777894973755, "_step": 1, "train/approx_kl": 0.010500950738787651, "train/clip_fraction": 0.11103515326976776, "train/clip_range": 0.20000000298023224, "train/entropy_loss": -12.777410507202148, "train/explained_variance": -1.387587070465088, "train/learning_rate": 0.0003000000142492354, "train/loss": -0.01187917124480009, "train/policy_gradient_loss": -0.014555266126990318, "train/std": 1.0013182163238525, "train/value_loss": 0.00413451949134469, "_wandb": {"runtime": 17}}