{"global_step": 579584, "_timestamp": 1699377676.392582, "rollout/ep_len_mean": 280.0, "rollout/ep_rew_mean": 0.0, "time/fps": 282.0, "_runtime": 2056.76988196373, "_step": 282, "train/approx_kl": 0.022374916821718216, "train/clip_fraction": 0.2894043028354645, "train/clip_range": 0.20000000298023224, "train/entropy_loss": -7.930681228637695, "train/explained_variance": 0.04617488384246826, "train/learning_rate": 0.0003000000142492354, "train/loss": -0.06609003245830536, "train/policy_gradient_loss": -0.028129687532782555, "train/std": 0.5936104655265808, "train/value_loss": 1.705935937934555e-05, "_wandb": {"runtime": 2058}}